duration,x^0,x^1,x^2,x^3,x^4,x^5,x^6,x^7,y^0,y^1,y^2,y^3,y^4,y^5,y^6,y^7,z^0,z^1,z^2,z^3,z^4,z^5,z^6,z^7,yaw^0,yaw^1,yaw^2,yaw^3,yaw^4,yaw^5,yaw^6,yaw^7
5,-0.7172342140680878,-0.00033005394596733676,0.17693910284911818,-0.03184615356181162,0.0119511802350454,-0.004616474213172071,0.000735145429733833,-4.3148779172593546e-05,-0.30927698135387516,0.004954075819217696,0.09780582930342183,0.0053957454295879516,-0.03112765937783182,0.010191352419056027,-0.001305791115073685,6.2279553686186e-05,0,0,0,0,0,0,0,0,0,0,0,0,0,0,0,0
2,0.8824785896765006,0,0,0,0,0,0,0,-0.30909953386159783,0,0,0,0,0,0,0,0,0,0,0,0,0,0,0,0,0,0,0,0,0,0,0
