duration,x^0,x^1,x^2,x^3,x^4,x^5,x^6,x^7,y^0,y^1,y^2,y^3,y^4,y^5,y^6,y^7,z^0,z^1,z^2,z^3,z^4,z^5,z^6,z^7,yaw^0,yaw^1,yaw^2,yaw^3,yaw^4,yaw^5,yaw^6,yaw^7
5,-1.1090929140848798,-4.995269113143144e-05,0.1907388933146531,-0.025330319973486445,0.0001101371436202004,-3.5379944756541175e-05,2.4604748438806647e-06,1.7299935408205098e-08,0.08281698797584003,0.0001230160734407088,-0.001603329153060746,0.0010794968284655944,-0.0007664876176358542,0.00029983815618740364,-4.993365025248935e-05,2.903234163096649e-06,0,0,0,0,0,0,0,0,0,0,0,0,0,0,0,0
2,0.49090952292782086,0,0,0,0,0,0,0,0.08282730393473141,0,0,0,0,0,0,0,0,0,0,0,0,0,0,0,0,0,0,0,0,0,0,0
