duration,x^0,x^1,x^2,x^3,x^4,x^5,x^6,x^7,y^0,y^1,y^2,y^3,y^4,y^5,y^6,y^7,z^0,z^1,z^2,z^3,z^4,z^5,z^6,z^7,yaw^0,yaw^1,yaw^2,yaw^3,yaw^4,yaw^5,yaw^6,yaw^7
5,-0.8708870822618454,-0.038436951160748044,0.40299143099103063,-0.13979346115653474,0.023219248937041498,0.001970135516361586,-0.0012350912274873144,0.00010907352939196316,0.2156786365466658,0.14368283928463882,-0.5241399729012712,0.3995708741093397,-0.08156917750084564,-0.010280636948349606,0.005085741083425979,-0.00043416381832313825,0,0,0,0,0,0,0,0,0,0,0,0,0,0,0,0
2,1.4293044206820618,0,0,0,0,0,0,0,0.2148824945202492,0,0,0,0,0,0,0,0,0,0,0,0,0,0,0,0,0,0,0,0,0,0,0
